date,forecast_day,forecast_precip_mm,predicted_wl_m,water_level_stage,runoff_reduction_10pct_predicted_wl_m,runoff_reduction_10pct_water_level_stage,runoff_reduction_20pct_predicted_wl_m,runoff_reduction_20pct_water_level_stage,storage_2_5mm_predicted_wl_m,storage_2_5mm_water_level_stage,storage_5mm_predicted_wl_m,storage_5mm_water_level_stage
2026-09-27,1,0.00,0.51,Action stage,0.51,Action stage,0.51,Action stage,0.51,Action stage,0.51,Action stage
2026-09-28,2,0.00,0.45,Action stage,0.45,Action stage,0.45,Action stage,0.45,Action stage,0.45,Action stage
2026-09-29,3,0.00,0.43,Action stage,0.43,Action stage,0.43,Action stage,0.43,Action stage,0.43,Action stage
2026-09-30,4,0.00,0.45,Action stage,0.45,Action stage,0.45,Action stage,0.45,Action stage,0.45,Action stage
2026-10-01,5,0.88,0.46,Action stage,0.46,Action stage,0.46,Action stage,0.46,Action stage,0.46,Action stage
2026-10-02,6,5.35,0.45,Action stage,0.45,Action stage,0.45,Action stage,0.45,Action stage,0.45,Action stage
2026-10-03,7,0.00,0.45,Action stage,0.45,Action stage,0.45,Action stage,0.45,Action stage,0.44,Action stage
2026-10-04,8,29.98,0.53,Action stage,0.51,Action stage,0.52,Action stage,0.53,Action stage,0.51,Action stage
2026-10-05,9,2.95,1.24,Action stage,1.06,Action stage,0.96,Action stage,1.17,Action stage,0.99,Action stage
2026-10-06,10,0.00,1.26,Action stage,1.18,Action stage,1.06,Action stage,1.19,Action stage,1.10,Action stage
2026-10-07,11,0.00,1.08,Action stage,1.03,Action stage,0.93,Action stage,0.98,Action stage,0.94,Action stage
2026-10-08,12,0.34,0.87,Action stage,0.84,Action stage,0.75,Action stage,0.79,Action stage,0.73,Action stage
2026-10-09,13,1.01,0.71,Action stage,0.71,Action stage,0.61,Action stage,0.64,Action stage,0.60,Action stage
2026-10-10,14,4.13,0.61,Action stage,0.61,Action stage,0.55,Action stage,0.56,Action stage,0.54,Action stage
